{"rmse": 1.2934519464055563, "mean": 1.2350118311783091, "median": 1.2866075182209091, "std": 0.38440046112084875, "min": 0.5512711214176691, "max": 1.8637024984495425, "sse": 2392.41565085426}