{"rmse": 1.2214433490549474, "mean": 1.158440741417725, "median": 1.133788297169002, "std": 0.38721945144080533, "min": 0.34128477720940376, "max": 2.2226636860752285, "sse": 2133.45111257931}