{"rmse": 1.5383751887841182, "mean": 1.4011943703062137, "median": 1.430623572646431, "std": 0.6350216989117338, "min": 0.3222185480871132, "max": 3.5724958551179484, "sse": 2380.7978107953704}