{"rmse": 0.2548330505107229, "mean": 0.22153412301481276, "median": 0.19702915837803725, "std": 0.12594648058861527, "min": 0.019729455615278918, "max": 0.6460761996929119, "sse": 77.60316094095776}