{"rmse": 0.014954675684003903, "mean": 0.013272568637426672, "median": 0.012816764873437848, "std": 0.006890663725544541, "min": 0.0009308295250253681, "max": 0.05452651828555123, "sse": 0.15722055434405754}