{"rmse": 0.1682436054870658, "mean": 0.15610839428699858, "median": 0.15581779259638526, "std": 0.06273818630166503, "min": 0.01988793463988211, "max": 0.3217240695465101, "sse": 22.89948182691554}