{"rmse": 0.2160186318403606, "mean": 0.20046157315714375, "median": 0.21952779612533596, "std": 0.08049352141349236, "min": 0.014988603470748057, "max": 0.32589778333347097, "sse": 37.75121588546463}