{"rmse": 0.3107382160464073, "mean": 0.25285658767500957, "median": 0.21125287781974317, "std": 0.18061501870291372, "min": 0.02598075128841267, "max": 1.1509076475486593, "sse": 135.18153447638517}