{"rmse": 0.35065669014517803, "mean": 0.30627386372775234, "median": 0.25753603352933124, "std": 0.17075255412685797, "min": 0.016624337400850026, "max": 0.7634819521839254, "sse": 120.00907159932567}