{"rmse": 0.3126595587136148, "mean": 0.2962100296169469, "median": 0.26274881009940687, "std": 0.10007805958010847, "min": 0.12356862163709839, "max": 0.5436409168678263, "sse": 91.30410367776284}