{"rmse": 0.2406693829967049, "mean": 0.20459499583872798, "median": 0.18720293963385903, "std": 0.12673846925762328, "min": 0.0062121998493692085, "max": 0.7037431592914729, "sse": 56.53162986612628}