{"rmse": 0.4039405716368404, "mean": 0.3685390967861681, "median": 0.3912271362988059, "std": 0.1653690404952898, "min": 0.04202344743831702, "max": 0.7665982149727998, "sse": 152.39889837695375}