{"rmse": 0.42740139495875823, "mean": 0.24633760155435663, "median": 0.17111846111978732, "std": 0.34927029428959383, "min": 0.015192575343931598, "max": 2.459266458409661, "sse": 255.74073337776943}