{"rmse": 0.015373924668488182, "mean": 0.01269555067076516, "median": 0.012158753505272402, "std": 0.008670671996932172, "min": 0.0008657147858844739, "max": 0.08311066152439811, "sse": 0.16615936447778168}