{"rmse": 0.3069320537731243, "mean": 0.2879071911111788, "median": 0.2751432625472669, "std": 0.10638014354126082, "min": 0.08582022916935006, "max": 0.49588696441135294, "sse": 158.1740325784586}