{"rmse": 1.4039736495817068, "mean": 1.3223647739918896, "median": 1.3765298128369796, "std": 0.4716920745837865, "min": 0.2952458539447371, "max": 2.379750937434197, "sse": 4354.252697261988}