{"rmse": 0.22244889316090072, "mean": 0.17929444172181247, "median": 0.1381129067319331, "std": 0.13167009241347638, "min": 0.014539882696138458, "max": 0.5649747995663315, "sse": 53.9370259746757}