{"rmse": 1.0602149340645115, "mean": 0.9940243909546045, "median": 1.0657452391621325, "std": 0.368742751251797, "min": 0.32580064640274164, "max": 1.7137717367281893, "sse": 2483.0390554672376}