{"rmse": 0.08823509935133371, "mean": 0.07779263959550654, "median": 0.07413761027562936, "std": 0.041638179382669435, "min": 0.0064697281405398785, "max": 0.20573450863089876, "sse": 12.838178617183015}