{"rmse": 0.430169570340893, "mean": 0.3612218595497785, "median": 0.30034134281022495, "std": 0.23359072633704575, "min": 0.02817586021658731, "max": 1.1745891067883714, "sse": 180.60475862533406}