{"rmse": 0.01829416308088176, "mean": 0.006701645765530069, "median": 0.005393223916987931, "std": 0.017022465945427823, "min": 0.00014443819345440415, "max": 0.7469968662586504, "sse": 0.7389654974484129}