{"rmse": 0.029155355290137346, "mean": 0.011622563958635888, "median": 0.008860022573334788, "std": 0.02673856295917112, "min": 0.00037416573867741896, "max": 0.8612550358769541, "sse": 1.2146996464525257}