{"rmse": 0.011254642062447437, "mean": 0.009749925690506858, "median": 0.007978121368760638, "std": 0.005621913996443333, "min": 0.0008345715634318695, "max": 0.030386596631333064, "sse": 0.08524686943291487}