{"rmse": 0.9943885316508229, "mean": 0.9098716201085363, "median": 1.0084510048054733, "std": 0.40117600476567244, "min": 0.08856516836340768, "max": 1.876233228078523, "sse": 994.7414031899516}