{"rmse": 0.18933644700610042, "mean": 0.16813404658212605, "median": 0.1508635788718862, "std": 0.08705878786666706, "min": 0.022640124265759197, "max": 0.45747471759417174, "sse": 27.925818038452327}