{"rmse": 0.8402878005921068, "mean": 0.7889070942521755, "median": 0.7599845018416596, "std": 0.2893253954676456, "min": 0.28044474681260706, "max": 1.5029611849846238, "sse": 1559.73864550304}