{"rmse": 1.1010054134244918, "mean": 0.9701055243372415, "median": 0.818590251569734, "std": 0.5206805086042704, "min": 0.24777123613022642, "max": 2.160990867522689, "sse": 1484.9608274777943}