{"rmse": 0.1323902600943359, "mean": 0.11742677094409439, "median": 0.10801638856225942, "std": 0.06114028486594661, "min": 0.017072630440924337, "max": 0.2810046200047648, "sse": 13.653673973951966}