{"rmse": 0.10454903100202464, "mean": 0.09212804008116567, "median": 0.08559665341247437, "std": 0.049425945759949214, "min": 0.0061539390414126535, "max": 0.2790607618920351, "sse": 8.51485940921714}