{"rmse": 0.15777414737748163, "mean": 0.14609801176793696, "median": 0.1324256278164016, "std": 0.05956553146029209, "min": 0.03189910858418216, "max": 0.35047540144811323, "sse": 22.502984148944932}