{"rmse": 0.6896842646381827, "mean": 0.6297798400054836, "median": 0.5802495663358547, "std": 0.2811436252383791, "min": 0.11389836372139567, "max": 1.2526647629437309, "sse": 798.6405022294886}