{"rmse": 0.18209396744166104, "mean": 0.14868374034127727, "median": 0.13265895613767417, "std": 0.10512544095875344, "min": 0.0015206527093637114, "max": 0.569943264494612, "sse": 39.62406450948043}