{"rmse": 0.3286549941936376, "mean": 0.2918597622060713, "median": 0.25332520751693843, "std": 0.15110256256409244, "min": 0.010283714104691791, "max": 1.1218312045438488, "sse": 151.21974729178794}