{"rmse": 0.7980290083151889, "mean": 0.7435730800096003, "median": 0.7510433092142101, "std": 0.2897401815378051, "min": 0.13489101674523613, "max": 1.2742910997359012, "sse": 640.6713999011988}