{"rmse": 0.9180487613359006, "mean": 0.7986648003306578, "median": 0.6475837459942495, "std": 0.45271190055395283, "min": 0.2774316253548268, "max": 2.0955050559216875, "sse": 1032.4465720332173}