{"rmse": 0.2467116510391368, "mean": 0.20596138918717397, "median": 0.18286280603825833, "std": 0.13581805816071107, "min": 0.019105501875995388, "max": 0.6837499762239723, "sse": 59.405839428253856}