{"rmse": 0.31776350319196084, "mean": 0.2803836435102952, "median": 0.2575299256802648, "std": 0.14952811244952904, "min": 0.010114182757001015, "max": 1.2995561333341412, "sse": 141.36310154515823}