{"rmse": 0.8371757121506941, "mean": 0.7507518356657312, "median": 0.7580903331132418, "std": 0.37045222938937333, "min": 0.05207429806919861, "max": 1.5411812237315923, "sse": 858.5573869434019}