{"rmse": 0.423691331527896, "mean": 0.38787072419429175, "median": 0.35131400800383505, "std": 0.17050116047956154, "min": 0.13053501940412773, "max": 0.8308191782234648, "sse": 301.404584267549}