{"rmse": 1.0316277699073972, "mean": 0.96058778382465, "median": 0.9242222013722134, "std": 0.37620069804687667, "min": 0.29608945543345133, "max": 1.6679699946157565, "sse": 994.0149691715985}