{"rmse": 0.16460258583419063, "mean": 0.13337249853548325, "median": 0.10252704382870041, "std": 0.09646651179401382, "min": 0.007002887825451332, "max": 0.5142535758029287, "sse": 32.377343459646}