{"rmse": 0.15245746858981563, "mean": 0.11991444623556406, "median": 0.10900633903003652, "std": 0.09414778442869823, "min": 0.0006850673276718547, "max": 0.8588706892206069, "sse": 50.647106529087054}