{"rmse": 0.3384784415835686, "mean": 0.3031456660578148, "median": 0.28328761523498036, "std": 0.15056679769193834, "min": 0.020744131441024823, "max": 0.6489624779315654, "sse": 103.56916049682451}