{"rmse": 0.19163487618210934, "mean": 0.1597537251324539, "median": 0.13395792523649738, "std": 0.10584268078443947, "min": 0.0054650018531590735, "max": 0.5346196442632312, "sse": 43.88509129435219}