{"rmse": 0.014360438100054112, "mean": 0.012759003145210992, "median": 0.013227710415265421, "std": 0.0065901457621195085, "min": 0.00027596214550453397, "max": 0.04061217826424826, "sse": 0.14497419424511648}