{"rmse": 0.22270578665312935, "mean": 0.15587171799754632, "median": 0.13023329459650443, "std": 0.15906563091152837, "min": 0.00329751050949867, "max": 1.4987010112058283, "sse": 108.0737530837516}