{"rmse": 0.01397570944864776, "mean": 0.010786752306685524, "median": 0.008782614690632778, "std": 0.008886305715382342, "min": 0.0006945215715000247, "max": 0.0685041506865719, "sse": 0.131450665941104}