{"rmse": 0.42613893602422925, "mean": 0.36061813390291303, "median": 0.32179080770301427, "std": 0.22704394794013513, "min": 0.032373727057543676, "max": 1.37647675150788, "sse": 197.93788814748973}