{"rmse": 0.13860137258492705, "mean": 0.11156141944297665, "median": 0.09079021290926521, "std": 0.08224591281209055, "min": 0.002503595764766304, "max": 0.49503962215578007, "sse": 31.67785145552009}