{"rmse": 0.29050971607776865, "mean": 0.26591596649927707, "median": 0.24750711994906743, "std": 0.11698116898176865, "min": 0.02297854144331314, "max": 0.9337651783277396, "sse": 118.15425318982005}