{"rmse": 0.014362745085061782, "mean": 0.011505503586208833, "median": 0.009376713506525015, "std": 0.008597199172184046, "min": 0.0003128097962437411, "max": 0.07710441910411825, "sse": 0.13883212441270787}