{"rmse": 0.43365423286019505, "mean": 0.4071371723088857, "median": 0.4381292963185061, "std": 0.14931616323053912, "min": 0.10214394863420677, "max": 0.7102967712085786, "sse": 315.74601338463043}