{"rmse": 0.08371741817426082, "mean": 0.07506717393252121, "median": 0.07725722004162756, "std": 0.03706110499632548, "min": 0.004610867815034874, "max": 0.1992551961093755, "sse": 11.557191468404927}