{"rmse": 0.2308856468943378, "mean": 0.17657074271979156, "median": 0.12997163444232457, "std": 0.14876476315713344, "min": 0.005752114951622318, "max": 0.8366031026274466, "sse": 58.10591831658036}