{"rmse": 1.3282018478740523, "mean": 1.273391632656978, "median": 1.34884256361581, "std": 0.3776160729831861, "min": 0.5524001384343876, "max": 1.9227346320660814, "sse": 2522.691812635347}