{"rmse": 0.10513245557177056, "mean": 0.0926146891037514, "median": 0.08566813547993166, "std": 0.04975291525896535, "min": 0.004847204700366373, "max": 0.2905929099053363, "sse": 18.226121970793464}