{"rmse": 0.8123540918968024, "mean": 0.7011055897858862, "median": 0.6719676777817694, "std": 0.4103292855652189, "min": 0.05810312163965974, "max": 1.6773661225455936, "sse": 739.1094710960559}