{"rmse": 0.4311808224195218, "mean": 0.4084825792360636, "median": 0.3862880165218219, "std": 0.1380539173041759, "min": 0.11400868878660461, "max": 0.7106783470318966, "sse": 173.64638611529847}