{"rmse": 0.3675900725711817, "mean": 0.3434631381949277, "median": 0.33274534870724415, "std": 0.1309791363316258, "min": 0.06180161611873779, "max": 0.6842624750829747, "sse": 109.3140713153853}