{"rmse": 0.717075331677814, "mean": 0.613414414777436, "median": 0.5014536279879869, "std": 0.3713755337176948, "min": 0.05898896042169382, "max": 1.6065420323230724, "sse": 629.8913633435375}