{"rmse": 0.014525137212938749, "mean": 0.011721502398773136, "median": 0.00982286532611833, "std": 0.008578227822240072, "min": 0.00030651735392629183, "max": 0.07693904324923351, "sse": 0.14198927823981178}