{"rmse": 0.4597308439274809, "mean": 0.39297369936339827, "median": 0.33633174075264394, "std": 0.238587762609316, "min": 0.03168533493241506, "max": 1.3373362931553217, "sse": 230.3741692555185}