{"rmse": 0.13392308800971095, "mean": 0.1059436963209234, "median": 0.0882473563657128, "std": 0.08192268740658323, "min": 0.0006608162116403619, "max": 0.6822271855301746, "sse": 39.08122244098173}