{"rmse": 0.6733517324547064, "mean": 0.5878086661550331, "median": 0.5669673387923162, "std": 0.32845627957582907, "min": 0.03171959134045227, "max": 1.3109898670981144, "sse": 507.810862271725}