{"rmse": 1.2753865864210467, "mean": 1.2016208223993805, "median": 1.2969044173307591, "std": 0.42745566319674266, "min": 0.4616646114918666, "max": 2.030218171551609, "sse": 2326.053651096504}