{"rmse": 0.20776823045114307, "mean": 0.18389189910706727, "median": 0.1538239582751818, "std": 0.09670267332186577, "min": 0.03330032752264629, "max": 0.4813388071812505, "sse": 33.62758967855865}