{"rmse": 0.1383130244115034, "mean": 0.12003935397761165, "median": 0.1001969376634527, "std": 0.06870986987685819, "min": 0.02627258271549254, "max": 0.34382676295874354, "sse": 17.293965420558848}