{"rmse": 0.01852040304902085, "mean": 0.015735856831172842, "median": 0.014297946347953358, "std": 0.009766685153470034, "min": 0.0019469431075264162, "max": 0.07780964141320389, "sse": 0.2411327463560212}