{"rmse": 0.22996418604222313, "mean": 0.20747287226071956, "median": 0.1884463938907553, "std": 0.09918938520804202, "min": 0.01513746133071849, "max": 0.5964837910415419, "sse": 47.80670828330423}