{"rmse": 0.40547645152208267, "mean": 0.36864535819466937, "median": 0.3278978131321275, "std": 0.1688542348313, "min": 0.0796592742354629, "max": 0.9667044390845232, "sse": 133.00862256580234}