{"rmse": 1.312828522771138, "mean": 1.2574734352371004, "median": 1.2262662807436633, "std": 0.377199270776674, "min": 0.542080623450516, "max": 1.8691768633147277, "sse": 2464.631784188072}