{"rmse": 1.0694148528998133, "mean": 1.001006719033879, "median": 1.1085768145947619, "std": 0.37634249833331146, "min": 0.3358583392205415, "max": 1.6681036823571238, "sse": 2526.3187138744292}