{"rmse": 1.0278498204595543, "mean": 0.9558672244600497, "median": 0.8919392465653793, "std": 0.3778797462444618, "min": 0.24657320634826244, "max": 1.7935738730931372, "sse": 1183.2522838289863}