{"rmse": 0.8196476063133828, "mean": 0.7815846466406663, "median": 0.7672344229915419, "std": 0.24687575553472849, "min": 0.28850966190287225, "max": 1.4390726928684479, "sse": 1484.0552365643853}