{"rmse": 0.5298743925040863, "mean": 0.4391447676329449, "median": 0.35322323489367935, "std": 0.29651095239835795, "min": 0.03445178860890716, "max": 1.2203141733690819, "sse": 343.9394179936787}