{"rmse": 1.08237598820138, "mean": 0.9753155929690985, "median": 0.8054269565517445, "std": 0.4693583640953355, "min": 0.15663090614674058, "max": 2.2025224773815473, "sse": 1178.5670065139234}