{"rmse": 0.1389095885368132, "mean": 0.11071257133326427, "median": 0.09418200068925757, "std": 0.08389636664506764, "min": 0.0004907448483403011, "max": 0.7380409619915778, "sse": 42.04570898289005}