{"rmse": 0.3532222488270444, "mean": 0.3060543549745736, "median": 0.27623170849304524, "std": 0.17634253278075646, "min": 0.03941545102778226, "max": 0.7925924501881816, "sse": 121.77157409684003}