{"rmse": 0.8868097803752091, "mean": 0.838265184169677, "median": 0.8292908860390237, "std": 0.28938394492110986, "min": 0.2156982151758563, "max": 1.4470926725078819, "sse": 880.8033769574217}