{"rmse": 0.8002316341883882, "mean": 0.7213267293767383, "median": 0.6680168031312792, "std": 0.34649447014703727, "min": 0.11644463891731688, "max": 1.4036312283358858, "sse": 644.2128923659533}