{"rmse": 0.1714816899021337, "mean": 0.14705449739285878, "median": 0.14826367907274857, "std": 0.08820966368955975, "min": 0.009906365314151535, "max": 0.504554554845066, "sse": 35.140134116171396}